<?xml version="1.0" encoding="UTF-8"?>
<!--
// Description : gpio.xml
// Author : 
// Version: 1.2
//
// 
// Revision:    $Revision: 1506 $
// Date:        $Date: 2009-04-25 23:51:56 -0700 (Sat, 25 Apr 2009) $
// 
// Copyright (c) 2005, 2006, 2007, 2008, 2009 The SPIRIT Consortium.
// 
// This work forms part of a deliverable of The SPIRIT Consortium.
// 
// Use of these materials are governed by the legal terms and conditions
// outlined in the disclaimer available from www.spiritconsortium.org.
// 
// This source file is provided on an AS IS basis.  The SPIRIT
// Consortium disclaims any warranty express or implied including
// any warranty of merchantability and fitness for use for a
// particular purpose.
// 
// The user of the source file shall indemnify and hold The SPIRIT
// Consortium and its members harmless from any damages or liability.
// Users are requested to provide feedback to The SPIRIT Consortium
// using either mailto:feedback@lists.spiritconsortium.org or the forms at 
// http://www.spiritconsortium.org/about/contact_us/
// 
// This file may be copied, and distributed, with or without
// modifications; this notice must be included on any copy.
-->
<ipxact:component xmlns:xsi="http://www.w3.org/2001/XMLSchema-instance"
                  xmlns:ipxact="http://www.accellera.org/XMLSchema/IPXACT/1685-2014"
                  xsi:schemaLocation="http://www.accellera.org/XMLSchema/IPXACT/1685-2014 http://www.accellera.org/XMLSchema/IPXACT/1685-2014/index.xsd">
   <ipxact:vendor>spiritconsortium.org</ipxact:vendor>
   <ipxact:library>Leon2RTL</ipxact:library>
   <ipxact:name>gpio</ipxact:name>
   <ipxact:version>1.2</ipxact:version>
   <ipxact:memoryMaps>
      <ipxact:memoryMap>
         <ipxact:name>ambaAPB</ipxact:name>
         <ipxact:addressBlock>
            <ipxact:name>defaultid4489839</ipxact:name>
            <ipxact:baseAddress>0</ipxact:baseAddress>
            <ipxact:range>4096</ipxact:range>
            <ipxact:width>8</ipxact:width>
            <ipxact:parameters>
               <ipxact:parameter parameterId="width" type="longint">
                  <ipxact:name>width</ipxact:name>
                  <ipxact:value>32</ipxact:value>
               </ipxact:parameter>
            </ipxact:parameters>
            <ipxact:register>
               <ipxact:name>inputreg</ipxact:name>
               <ipxact:addressOffset>'h0</ipxact:addressOffset>
               <ipxact:size>32</ipxact:size>
               <ipxact:access>read-only</ipxact:access>
               <ipxact:field>
                  <ipxact:name>inputreg_field</ipxact:name>
                  <ipxact:bitOffset>0</ipxact:bitOffset>
                  <ipxact:bitWidth>32</ipxact:bitWidth>
                  <ipxact:volatile>true</ipxact:volatile>
                  <ipxact:access>read-only</ipxact:access>
               </ipxact:field>
            </ipxact:register>
            <ipxact:register>
               <ipxact:name>outputreg</ipxact:name>
               <ipxact:addressOffset>'h4</ipxact:addressOffset>
               <ipxact:size>8</ipxact:size>
               <ipxact:access>read-write</ipxact:access>
               <ipxact:field>
                  <ipxact:name>outputreg_field</ipxact:name>
                  <ipxact:bitOffset>0</ipxact:bitOffset>
                  <ipxact:resets>
                     <ipxact:reset>
                        <ipxact:value>0</ipxact:value>
                     </ipxact:reset>
                  </ipxact:resets>
                  <ipxact:bitWidth>7</ipxact:bitWidth>
                  <ipxact:access>read-write</ipxact:access>
               </ipxact:field>
            </ipxact:register>
         </ipxact:addressBlock>
      </ipxact:memoryMap>
   </ipxact:memoryMaps>
</ipxact:component>